<?xml version="1.0" encoding="UTF-8"?>
<module rename-to='mail'>
  <!-- Inherit the core Web Toolkit stuff.                        -->
  <inherits name='com.google.gwt.user.User'/>
  <inherits name="com.google.gwt.uibinder.UiBinder" />

  <!--  Inherit the Restlet stuff -->
  <inherits name="org.restlet.Restlet"/>
  <inherits name="org.restlet.JSON"/>
  <inherits name="org.restlet.XML"/>

  <!-- Inherit the default GWT style sheet.  You can change       -->
  <!-- the theme of your GWT application by uncommenting          -->
  <!-- any one of the following lines.                            -->
  <inherits name='com.google.gwt.user.theme.clean.Clean'/>
  <!-- <inherits name='com.google.gwt.user.theme.standard.Standard'/> -->
  <!-- <inherits name='com.google.gwt.user.theme.chrome.Chrome'/> -->
  <!-- <inherits name='com.google.gwt.user.theme.dark.Dark'/>     -->

  <!-- Other module inherits                                      -->

  <!-- Specify the app entry point class.                         -->
  <entry-point class='org.restlet.example.book.restlet.ch09.client.Mail'/>

  <!-- Specify the paths for translatable code                    -->
  <source path='client'/>
  <source path='common'/>
</module>
